ernie_abstract,ernie_wiki,ernie_balMerg,ernie_fullMerg,t5_abstract,t5_wiki,t5_balMerg,t5_fullMerg,xlnet_abstract,xlnet_wiki,xlnet_balMerg,xlnet_fullMerg
0.5807856917381287,0.5917152762413025,0.4767142832279205,0.5788291096687317,0.809499979019165,0.8767916560173035,0.7518928647041321,0.8748164772987366,0.5282857418060303,0.5099166631698608,0.4794642925262451,0.5482721328735352
0.5824999809265137,0.617638885974884,0.5149642825126648,0.6185886263847351,0.8960714340209961,0.9498403072357178,0.8727142810821533,0.9468417763710022,0.6190714240074158,0.6081110835075378,0.557285726070404,0.5990822911262512
0.5795000195503235,0.6254652738571167,0.5351428389549255,0.6223734021186829,0.9147857427597046,0.9620624780654908,0.9019285440444946,0.9584113955497742,0.7003571391105652,0.6272708177566528,0.5942142605781555,0.625379741191864
0.584857165813446,0.6257708072662354,0.5529285669326782,0.6226899027824402,0.925428569316864,0.9672014117240906,0.9175714254379272,0.96397465467453,0.7231428623199463,0.6362847089767456,0.6097857356071472,0.6372848153114319
0.5908571481704712,0.6265902519226074,0.567642867565155,0.6241455674171448,0.9350714087486268,0.9705625176429749,0.9267857074737548,0.9669936895370485,0.7306428551673889,0.6449166536331177,0.6214285492897034,0.6423101425170898
