ernie_abstract,ernie_wiki,ernie_balMerg,ernie_fullMerg,t5_abstract,t5_wiki,t5_balMerg,t5_fullMerg,xlnet_abstract,xlnet_wiki,xlnet_balMerg,xlnet_fullMerg
1.5597219467163086,0.761479377746582,1.2821452617645264,0.761883556842804,0.5835333466529846,0.3052845299243927,0.5207309126853943,0.3243489563465118,0.8338823318481445,0.6815325617790222,0.9823496341705322,0.7005718946456909
1.061073899269104,0.6677261590957642,0.8228741884231567,0.6693050861358643,0.4343702793121338,0.1687391996383667,0.3781701326370239,0.1799962967634201,0.7844335436820984,0.6554741859436035,0.752209484577179,0.6597713828086853
0.8197450041770935,0.6565330028533936,0.7477903366088867,0.6683804988861084,0.3582872748374939,0.1271213889122009,0.3114611506462097,0.1373004168272018,0.743877112865448,0.6465058326721191,0.7128008008003235,0.6503926515579224
0.7528325915336609,0.6532447338104248,0.7210386991500854,0.666531503200531,0.3091839551925659,0.1058776974678039,0.270646721124649,0.1166881769895553,0.7105690836906433,0.6394274234771729,0.6961578726768494,0.6449095606803894
0.7386665940284729,0.6528463363647461,0.7054994702339172,0.6655691862106323,0.2750221192836761,0.0931893661618232,0.2416801750659942,0.1043658778071403,0.6841869354248047,0.6352989077568054,0.6841482520103455,0.6402177214622498
