loss,accuracy,val_loss,val_accuracy
0.6939153671264648,0.5788291096687317,0.653084933757782,0.6076841950416565
0.6469085812568665,0.6185886263847351,0.654179036617279,0.6073157787322998
0.6442209482192993,0.6223734021186829,0.6555113792419434,0.6035262942314148
0.6428757309913635,0.6226899027824402,0.6457183361053467,0.6235263347625732
0.6418933868408203,0.6241455674171448,0.6476743817329407,0.6195789575576782
