loss,accuracy,val_loss,val_accuracy
1.2821452617645264,0.4901428520679474,1.0260088443756104,0.4779999852180481
0.8228741884231567,0.500249981880188,0.8220947980880737,0.5011666417121887
0.7477903366088867,0.5282142758369446,0.7634620666503906,0.5166666507720947
0.7210386991500854,0.5359285473823547,0.7312172055244446,0.5239999890327454
0.7054994702339172,0.5492500066757202,0.7117881774902344,0.534333348274231
