loss,accuracy,val_loss,val_accuracy
1.5597219467163086,0.5014285445213318,1.4602910280227661,0.5009999871253967
1.061073899269104,0.5015000104904175,0.9937860369682312,0.5090000033378601
0.8197450041770935,0.5077142715454102,0.7997309565544128,0.5293333530426025
0.7528325915336609,0.5222856998443604,0.742585301399231,0.5460000038146973
0.7386665940284729,0.5250714421272278,0.7233560681343079,0.5580000281333923
