loss,accuracy,val_loss,val_accuracy
0.5835333466529846,0.7699285745620728,0.48458731174468994,0.8463333249092102
0.4343702793121338,0.8907142877578735,0.3942716121673584,0.8539999723434448
0.3582872748374939,0.9081428647041321,0.33393481373786926,0.8776666522026062
0.3091839551925659,0.9204999804496765,0.2946743369102478,0.8996666669845581
0.27502211928367615,0.9293571710586548,0.2743390202522278,0.8989999890327454
