loss,accuracy,val_loss,val_accuracy
0.3052845299243927,0.8754444718360901,0.22573299705982208,0.925000011920929
0.1687391996383667,0.9500902891159058,0.1773887574672699,0.9341250061988831
0.12712138891220093,0.9639305472373962,0.17444396018981934,0.9281874895095825
0.10587769746780396,0.9693819284439087,0.1690671443939209,0.9280624985694885
0.09318936616182327,0.9720486402511597,0.15563833713531494,0.9350000023841858
