loss,accuracy,val_loss,val_accuracy
0.9823496341705322,0.49864286184310913,0.789985179901123,0.49783334136009216
0.752209484577179,0.4962500035762787,0.7066015005111694,0.503000020980835
0.7128008008003235,0.5145000219345093,0.6910129189491272,0.5663333535194397
0.6961578726768494,0.5441785454750061,0.6804603934288025,0.5901666879653931
0.6841482520103455,0.5667499899864197,0.6726078987121582,0.5998333096504211
