loss,accuracy,val_loss,val_accuracy
0.7297219634056091,0.5482721328735352,0.6727896332740784,0.5809473395347595
0.6615486145019531,0.5990822911262512,0.6494278907775879,0.61805260181427
0.6489372253417969,0.625379741191864,0.6393002271652222,0.6439473628997803
0.6429559588432312,0.6372848153114319,0.6331716775894165,0.6539473533630371
0.6392436623573303,0.6423101425170898,0.6280454397201538,0.6612631678581238
