loss,accuracy,precision,recall,val_loss,val_accuracy,val_precision,val_recall
0.5756390690803528,0.7954285740852356,0.7793084979057312,0.8242856860160828,0.47372734546661377,0.8526666760444641,0.7958613038063049,0.9486666917800903
0.4236685633659363,0.8981428742408752,0.8778470754623413,0.925000011920929,0.3761086165904999,0.878000020980835,0.8225256204605103,0.9639999866485596
0.34633171558380127,0.915142834186554,0.9020475745201111,0.9314285516738892,0.3182361125946045,0.8939999938011169,0.8472385406494141,0.9613333344459534
0.29969558119773865,0.9234285950660706,0.9144295454025269,0.9342857003211975,0.28541964292526245,0.8996666669845581,0.849970817565918,0.9706666469573975
0.26481911540031433,0.9343571662902832,0.9280585646629333,0.9417142868041992,0.25936874747276306,0.9106666445732117,0.8644970655441284,0.9739999771118164
